idx,ts,d1,d2,winner
0,2021-05-26 16:24:03,Dragun,Timethief,Dragun
1,2021-05-26 16:24:07,Dragun,FamiliarPossessed,FamiliarPossessed
2,2021-05-26 16:24:11,Dragun,Frog,Dragun
3,2021-05-26 16:24:17,Altergeist,Dragun,Altergeist
4,2021-05-26 16:24:22,Dragun,Zoodiac,Dragun
5,2021-05-26 16:24:26,DarkMagician,Dragun,Dragun
6,2021-05-26 16:24:30,Dragun,Witchcraft,Dragun
7,2021-05-26 16:24:34,Dragun,Rank5,Dragun
8,2021-05-26 16:24:38,Dragun,ToadallyAwesome,Dragun
9,2021-05-26 16:24:44,Dragun,ZexalWeapons,ZexalWeapons
10,2021-05-26 16:24:50,Dragun,SkyStriker,Dragun
11,2021-05-26 16:24:54,Beater,Dragun,Dragun
12,2021-05-26 16:24:57,Dragun,MokeyMokey,Dragun
13,2021-05-26 16:25:00,Dragun,Yosenju,Yosenju
14,2021-05-26 16:25:04,Dragun,Mathmech,Dragun
15,2021-05-26 16:25:21,Dragun,Dragunity,Dragun
16,2021-05-26 16:25:28,ChainBurn,Dragun,ChainBurn
17,2021-05-26 16:25:32,Dragun,Nekroz,Dragun
18,2021-05-26 16:25:35,Blackwing,Dragun,Dragun
19,2021-05-26 16:25:41,Dragun,LightswornShaddoldinosour,Dragun
20,2021-05-26 16:25:45,Dragun,Evilswarm,Dragun
21,2021-05-26 16:25:48,Dragun,Level8,Dragun
22,2021-05-26 16:25:52,Dragun,Graydle,Dragun
23,2021-05-26 16:25:55,Dragun,Trickstar,Trickstar
24,2021-05-26 16:25:59,Dragun,Rainbow,Dragun
25,2021-05-26 16:26:08,Dragun,Salamangreat,Salamangreat
26,2021-05-26 16:26:11,Dragun,Lightsworn,Dragun
27,2021-05-26 16:26:16,Dragun,Orcust,Dragun
28,2021-05-26 16:26:20,Dragun,Gravekeeper,Dragun
29,2021-05-26 16:26:24,BlueEyes,Dragun,Dragun
30,2021-05-26 16:26:28,Dragun,ST1732,Dragun
31,2021-05-26 16:26:32,CyberDragon,Dragun,Dragun
32,2021-05-26 16:26:37,BlueEyesMaxDragon,Dragun,BlueEyesMaxDragon
33,2021-05-26 16:26:41,Dragun,OldSchool,Dragun
34,2021-05-26 16:26:44,Dragun,Phantasm,Phantasm
35,2021-05-26 16:26:47,Dragun,Horus,Dragun
36,2021-05-26 16:26:51,Dragun,Qliphort,Dragun
37,2021-05-26 16:26:56,Dragun,GrenMajuThunderBoarder,Dragun
38,2021-05-26 16:26:59,Burn,Dragun,Dragun
39,2021-05-26 16:27:02,Dragun,MokeyMokeyKing,Dragun
40,2021-05-26 16:27:07,Dragun,PureWinds,PureWinds
41,2021-05-26 16:27:13,FamiliarPossessed,Timethief,FamiliarPossessed
42,2021-05-26 16:27:19,Frog,Timethief,Timethief
43,2021-05-26 16:27:29,Altergeist,Timethief,Timethief
44,2021-05-26 16:27:38,Timethief,Zoodiac,Zoodiac
45,2021-05-26 16:27:44,DarkMagician,Timethief,DarkMagician
46,2021-05-26 16:27:52,Timethief,Witchcraft,Witchcraft
47,2021-05-26 16:27:57,Rank5,Timethief,Timethief
48,2021-05-26 16:28:04,Timethief,ToadallyAwesome,Timethief
49,2021-05-26 16:28:10,Timethief,ZexalWeapons,ZexalWeapons
50,2021-05-26 16:28:14,SkyStriker,Timethief,Timethief
51,2021-05-26 16:28:20,Beater,Timethief,Timethief
52,2021-05-26 16:28:24,MokeyMokey,Timethief,Timethief
53,2021-05-26 16:28:27,Timethief,Yosenju,Yosenju
54,2021-05-26 16:28:30,Mathmech,Timethief,Mathmech
55,2021-05-26 16:28:33,Dragunity,Timethief,Timethief
56,2021-05-26 16:29:12,ChainBurn,Timethief,ChainBurn
57,2021-05-26 16:29:18,Nekroz,Timethief,Timethief
58,2021-05-26 16:29:25,Blackwing,Timethief,Timethief
59,2021-05-26 16:29:29,LightswornShaddoldinosour,Timethief,Timethief
60,2021-05-26 16:29:33,Evilswarm,Timethief,Timethief
61,2021-05-26 16:29:40,Level8,Timethief,Level8
62,2021-05-26 16:29:57,Graydle,Timethief,Timethief
63,2021-05-26 16:30:03,Timethief,Trickstar,Trickstar
64,2021-05-26 16:30:41,Rainbow,Timethief,Rainbow
65,2021-05-26 16:30:51,Salamangreat,Timethief,Salamangreat
66,2021-05-26 16:30:55,Lightsworn,Timethief,Timethief
67,2021-05-26 16:31:02,Orcust,Timethief,Timethief
68,2021-05-26 16:31:09,Gravekeeper,Timethief,Timethief
69,2021-05-26 16:31:22,BlueEyes,Timethief,BlueEyes
70,2021-05-26 16:31:26,ST1732,Timethief,Timethief
71,2021-05-26 16:31:30,CyberDragon,Timethief,Timethief
72,2021-05-26 16:31:32,BlueEyesMaxDragon,Timethief,BlueEyesMaxDragon
73,2021-05-26 16:31:40,OldSchool,Timethief,Timethief
74,2021-05-26 16:31:46,Phantasm,Timethief,Phantasm
75,2021-05-26 16:31:49,Horus,Timethief,Horus
76,2021-05-26 16:31:53,Qliphort,Timethief,Timethief
77,2021-05-26 16:31:59,GrenMajuThunderBoarder,Timethief,GrenMajuThunderBoarder
78,2021-05-26 16:32:03,Burn,Timethief,Timethief
79,2021-05-26 16:32:20,MokeyMokeyKing,Timethief,MokeyMokeyKing
80,2021-05-26 16:32:25,PureWinds,Timethief,PureWinds
81,2021-05-26 16:32:28,FamiliarPossessed,Frog,FamiliarPossessed
82,2021-05-26 16:32:36,Altergeist,FamiliarPossessed,Altergeist
83,2021-05-26 16:32:42,FamiliarPossessed,Zoodiac,FamiliarPossessed
84,2021-05-26 16:32:44,DarkMagician,FamiliarPossessed,FamiliarPossessed
85,2021-05-26 16:32:47,FamiliarPossessed,Witchcraft,FamiliarPossessed
86,2021-05-26 16:32:49,FamiliarPossessed,Rank5,FamiliarPossessed
87,2021-05-26 16:32:57,FamiliarPossessed,ToadallyAwesome,ToadallyAwesome
88,2021-05-26 16:33:47,FamiliarPossessed,ZexalWeapons,FamiliarPossessed
89,2021-05-26 16:33:52,FamiliarPossessed,SkyStriker,FamiliarPossessed
90,2021-05-26 16:33:55,Beater,FamiliarPossessed,FamiliarPossessed
91,2021-05-26 16:33:58,FamiliarPossessed,MokeyMokey,FamiliarPossessed
92,2021-05-26 16:34:04,FamiliarPossessed,Yosenju,FamiliarPossessed
93,2021-05-26 16:34:11,FamiliarPossessed,Mathmech,FamiliarPossessed
94,2021-05-26 16:34:14,Dragunity,FamiliarPossessed,FamiliarPossessed
95,2021-05-26 16:34:36,ChainBurn,FamiliarPossessed,ChainBurn
96,2021-05-26 16:34:39,FamiliarPossessed,Nekroz,FamiliarPossessed
97,2021-05-26 16:34:42,Blackwing,FamiliarPossessed,FamiliarPossessed
98,2021-05-26 16:34:48,FamiliarPossessed,LightswornShaddoldinosour,FamiliarPossessed
99,2021-05-26 16:34:52,Evilswarm,FamiliarPossessed,FamiliarPossessed
100,2021-05-26 16:34:59,FamiliarPossessed,Level8,Level8
101,2021-05-26 16:35:03,FamiliarPossessed,Graydle,FamiliarPossessed
102,2021-05-26 16:35:05,FamiliarPossessed,Trickstar,FamiliarPossessed
103,2021-05-26 16:35:09,FamiliarPossessed,Rainbow,FamiliarPossessed
104,2021-05-26 16:35:13,FamiliarPossessed,Salamangreat,FamiliarPossessed
105,2021-05-26 16:35:15,FamiliarPossessed,Lightsworn,FamiliarPossessed
106,2021-05-26 16:35:20,FamiliarPossessed,Orcust,FamiliarPossessed
107,2021-05-26 16:35:37,FamiliarPossessed,Gravekeeper,Gravekeeper
108,2021-05-26 16:35:43,BlueEyes,FamiliarPossessed,FamiliarPossessed
109,2021-05-26 16:35:47,FamiliarPossessed,ST1732,FamiliarPossessed
110,2021-05-26 16:35:51,CyberDragon,FamiliarPossessed,FamiliarPossessed
111,2021-05-26 16:36:06,BlueEyesMaxDragon,FamiliarPossessed,BlueEyesMaxDragon
112,2021-05-26 16:36:10,FamiliarPossessed,OldSchool,FamiliarPossessed
113,2021-05-26 16:36:13,FamiliarPossessed,Phantasm,FamiliarPossessed
114,2021-05-26 16:36:16,FamiliarPossessed,Horus,FamiliarPossessed
115,2021-05-26 16:36:31,FamiliarPossessed,Qliphort,Qliphort
116,2021-05-26 16:36:46,FamiliarPossessed,GrenMajuThunderBoarder,GrenMajuThunderBoarder
117,2021-05-26 16:36:49,Burn,FamiliarPossessed,FamiliarPossessed
118,2021-05-26 16:36:51,FamiliarPossessed,MokeyMokeyKing,FamiliarPossessed
119,2021-05-26 16:36:59,FamiliarPossessed,PureWinds,PureWinds
120,2021-05-26 16:37:05,Altergeist,Frog,Altergeist
121,2021-05-26 16:37:23,Frog,Zoodiac,Zoodiac
122,2021-05-26 16:37:42,DarkMagician,Frog,DarkMagician
123,2021-05-26 16:37:49,Frog,Witchcraft,Frog
124,2021-05-26 16:37:56,Frog,Rank5,Rank5
125,2021-05-26 16:38:19,Frog,ToadallyAwesome,Frog
126,2021-05-26 16:38:24,Frog,ZexalWeapons,ZexalWeapons
127,2021-05-26 16:38:37,Frog,SkyStriker,SkyStriker
128,2021-05-26 16:38:46,Beater,Frog,Beater
129,2021-05-26 16:38:50,Frog,MokeyMokey,Frog
130,2021-05-26 16:38:52,Frog,Yosenju,Yosenju
131,2021-05-26 16:38:56,Frog,Mathmech,Mathmech
132,2021-05-26 16:39:24,Dragunity,Frog,Frog
133,2021-05-26 16:39:30,ChainBurn,Frog,Frog
134,2021-05-26 16:39:34,Frog,Nekroz,Nekroz
135,2021-05-26 16:39:37,Blackwing,Frog,Blackwing
136,2021-05-26 16:40:25,Frog,LightswornShaddoldinosour,Frog
137,2021-05-26 16:40:35,Evilswarm,Frog,Evilswarm
138,2021-05-26 16:40:50,Frog,Level8,Frog
139,2021-05-26 16:40:58,Frog,Graydle,Frog
140,2021-05-26 16:41:03,Frog,Trickstar,Trickstar
141,2021-05-26 16:41:14,Frog,Rainbow,Rainbow
142,2021-05-26 16:41:22,Frog,Salamangreat,Salamangreat
143,2021-05-26 16:41:25,Frog,Lightsworn,Frog
144,2021-05-26 16:41:32,Frog,Orcust,Orcust
145,2021-05-26 16:41:36,Frog,Gravekeeper,Gravekeeper
146,2021-05-26 16:41:40,BlueEyes,Frog,BlueEyes
147,2021-05-26 16:41:47,Frog,ST1732,ST1732
148,2021-05-26 16:41:50,CyberDragon,Frog,CyberDragon
149,2021-05-26 16:41:53,BlueEyesMaxDragon,Frog,BlueEyesMaxDragon
150,2021-05-26 16:41:56,Frog,OldSchool,OldSchool
151,2021-05-26 16:42:00,Frog,Phantasm,Phantasm
152,2021-05-26 16:42:04,Frog,Horus,Horus
153,2021-05-26 16:42:08,Frog,Qliphort,Qliphort
154,2021-05-26 16:42:24,Frog,GrenMajuThunderBoarder,Frog
155,2021-05-26 16:42:27,Burn,Frog,Burn
156,2021-05-26 16:42:42,Frog,MokeyMokeyKing,Frog
157,2021-05-26 16:42:47,Frog,PureWinds,PureWinds
158,2021-05-26 16:42:55,Altergeist,Zoodiac,Altergeist
159,2021-05-26 16:43:02,Altergeist,DarkMagician,Altergeist
160,2021-05-26 16:43:08,Altergeist,Witchcraft,Altergeist
161,2021-05-26 16:43:14,Altergeist,Rank5,Altergeist
162,2021-05-26 16:43:19,Altergeist,ToadallyAwesome,Altergeist
163,2021-05-26 16:43:30,Altergeist,ZexalWeapons,Altergeist
164,2021-05-26 16:43:46,Altergeist,SkyStriker,Altergeist
165,2021-05-26 16:43:52,Altergeist,Beater,Altergeist
166,2021-05-26 16:43:58,Altergeist,MokeyMokey,Altergeist
167,2021-05-26 16:44:06,Altergeist,Yosenju,Altergeist
168,2021-05-26 16:44:12,Altergeist,Mathmech,Altergeist
169,2021-05-26 16:44:18,Altergeist,Dragunity,Altergeist
170,2021-05-26 16:44:23,Altergeist,ChainBurn,Altergeist
171,2021-05-26 16:44:29,Altergeist,Nekroz,Altergeist
172,2021-05-26 16:44:37,Altergeist,Blackwing,Altergeist
173,2021-05-26 16:44:44,Altergeist,LightswornShaddoldinosour,Altergeist
174,2021-05-26 16:44:50,Altergeist,Evilswarm,Altergeist
175,2021-05-26 16:44:59,Altergeist,Level8,Altergeist
176,2021-05-26 16:45:05,Altergeist,Graydle,Altergeist
177,2021-05-26 16:45:16,Altergeist,Trickstar,Altergeist
178,2021-05-26 16:45:23,Altergeist,Rainbow,Altergeist
179,2021-05-26 16:45:34,Altergeist,Salamangreat,Salamangreat
180,2021-05-26 16:45:39,Altergeist,Lightsworn,Altergeist
181,2021-05-26 16:45:47,Altergeist,Orcust,Altergeist
182,2021-05-26 16:45:57,Altergeist,Gravekeeper,Altergeist
183,2021-05-26 16:46:13,Altergeist,BlueEyes,BlueEyes
184,2021-05-26 16:46:20,Altergeist,ST1732,Altergeist
185,2021-05-26 16:46:29,Altergeist,CyberDragon,Altergeist
186,2021-05-26 16:46:35,Altergeist,BlueEyesMaxDragon,Altergeist
187,2021-05-26 16:46:41,Altergeist,OldSchool,Altergeist
188,2021-05-26 16:46:47,Altergeist,Phantasm,Altergeist
189,2021-05-26 16:46:53,Altergeist,Horus,Altergeist
190,2021-05-26 16:47:10,Altergeist,Qliphort,Qliphort
191,2021-05-26 16:47:17,Altergeist,GrenMajuThunderBoarder,GrenMajuThunderBoarder
192,2021-05-26 16:47:25,Altergeist,Burn,Altergeist
193,2021-05-26 16:47:31,Altergeist,MokeyMokeyKing,Altergeist
194,2021-05-26 16:47:36,Altergeist,PureWinds,PureWinds
195,2021-05-26 16:47:43,DarkMagician,Zoodiac,Zoodiac
196,2021-05-26 16:47:49,Witchcraft,Zoodiac,Zoodiac
197,2021-05-26 16:47:54,Rank5,Zoodiac,Rank5
198,2021-05-26 16:48:07,ToadallyAwesome,Zoodiac,Zoodiac
199,2021-05-26 16:48:29,ZexalWeapons,Zoodiac,Zoodiac
200,2021-05-26 16:48:56,SkyStriker,Zoodiac,Zoodiac
201,2021-05-26 16:49:06,Beater,Zoodiac,Zoodiac
202,2021-05-26 16:49:16,MokeyMokey,Zoodiac,Zoodiac
203,2021-05-26 16:49:18,Yosenju,Zoodiac,Yosenju
204,2021-05-26 16:49:28,Mathmech,Zoodiac,Zoodiac
205,2021-05-26 16:49:38,Dragunity,Zoodiac,Zoodiac
206,2021-05-26 16:49:48,ChainBurn,Zoodiac,Zoodiac
207,2021-05-26 16:49:59,Nekroz,Zoodiac,Zoodiac
208,2021-05-26 16:50:09,Blackwing,Zoodiac,Zoodiac
209,2021-05-26 16:50:15,LightswornShaddoldinosour,Zoodiac,Zoodiac
210,2021-05-26 16:50:26,Evilswarm,Zoodiac,Zoodiac
211,2021-05-26 16:50:31,Level8,Zoodiac,Level8
212,2021-05-26 16:50:45,Graydle,Zoodiac,Zoodiac
213,2021-05-26 16:50:53,Trickstar,Zoodiac,Trickstar
214,2021-05-26 16:51:03,Rainbow,Zoodiac,Zoodiac
215,2021-05-26 16:51:10,Salamangreat,Zoodiac,Salamangreat
216,2021-05-26 16:51:16,Lightsworn,Zoodiac,Zoodiac
217,2021-05-26 16:51:19,Orcust,Zoodiac,Orcust
218,2021-05-26 16:51:29,Gravekeeper,Zoodiac,Zoodiac
219,2021-05-26 16:51:36,BlueEyes,Zoodiac,BlueEyes
220,2021-05-26 16:51:49,ST1732,Zoodiac,Zoodiac
221,2021-05-26 16:52:07,CyberDragon,Zoodiac,Zoodiac
222,2021-05-26 16:52:17,BlueEyesMaxDragon,Zoodiac,Zoodiac
223,2021-05-26 16:52:30,OldSchool,Zoodiac,Zoodiac
224,2021-05-26 16:52:35,Phantasm,Zoodiac,Phantasm
225,2021-05-26 16:52:48,Horus,Zoodiac,Zoodiac
226,2021-05-26 16:52:52,Qliphort,Zoodiac,Qliphort
227,2021-05-26 16:53:06,GrenMajuThunderBoarder,Zoodiac,Zoodiac
228,2021-05-26 16:53:16,Burn,Zoodiac,Zoodiac
229,2021-05-26 16:53:29,MokeyMokeyKing,Zoodiac,Zoodiac
230,2021-05-26 16:53:40,PureWinds,Zoodiac,PureWinds
231,2021-05-26 16:53:45,DarkMagician,Witchcraft,DarkMagician
232,2021-05-26 16:53:49,DarkMagician,Rank5,Rank5
233,2021-05-26 16:53:52,DarkMagician,ToadallyAwesome,ToadallyAwesome
234,2021-05-26 16:53:57,DarkMagician,ZexalWeapons,ZexalWeapons
235,2021-05-26 16:54:03,DarkMagician,SkyStriker,SkyStriker
236,2021-05-26 16:54:11,Beater,DarkMagician,DarkMagician
237,2021-05-26 16:54:17,DarkMagician,MokeyMokey,DarkMagician
238,2021-05-26 16:54:20,DarkMagician,Yosenju,Yosenju
239,2021-05-26 16:54:23,DarkMagician,Mathmech,Mathmech
240,2021-05-26 16:54:30,DarkMagician,Dragunity,DarkMagician
241,2021-05-26 16:54:48,ChainBurn,DarkMagician,DarkMagician
242,2021-05-26 16:54:56,DarkMagician,Nekroz,DarkMagician
243,2021-05-26 16:54:59,Blackwing,DarkMagician,Blackwing
244,2021-05-26 16:55:05,DarkMagician,LightswornShaddoldinosour,DarkMagician
245,2021-05-26 16:55:13,DarkMagician,Evilswarm,DarkMagician
246,2021-05-26 16:55:21,DarkMagician,Level8,Level8
247,2021-05-26 16:55:38,DarkMagician,Graydle,Graydle
248,2021-05-26 16:55:42,DarkMagician,Trickstar,Trickstar
249,2021-05-26 16:55:50,DarkMagician,Rainbow,DarkMagician
250,2021-05-26 16:55:58,DarkMagician,Salamangreat,Salamangreat
251,2021-05-26 16:56:03,DarkMagician,Lightsworn,DarkMagician
252,2021-05-26 16:56:07,DarkMagician,Orcust,Orcust
253,2021-05-26 16:56:15,DarkMagician,Gravekeeper,DarkMagician
254,2021-05-26 16:56:17,BlueEyes,DarkMagician,BlueEyes
255,2021-05-26 16:56:21,DarkMagician,ST1732,ST1732
256,2021-05-26 16:56:24,CyberDragon,DarkMagician,CyberDragon
257,2021-05-26 16:56:28,BlueEyesMaxDragon,DarkMagician,BlueEyesMaxDragon
258,2021-05-26 16:56:31,DarkMagician,OldSchool,OldSchool
259,2021-05-26 16:56:34,DarkMagician,Phantasm,Phantasm
260,2021-05-26 16:56:38,DarkMagician,Horus,Horus
261,2021-05-26 16:56:41,DarkMagician,Qliphort,Qliphort
262,2021-05-26 16:56:45,DarkMagician,GrenMajuThunderBoarder,GrenMajuThunderBoarder
263,2021-05-26 16:56:51,Burn,DarkMagician,Burn
264,2021-05-26 16:56:58,DarkMagician,MokeyMokeyKing,DarkMagician
265,2021-05-26 16:57:03,DarkMagician,PureWinds,PureWinds
266,2021-05-26 16:57:09,Rank5,Witchcraft,Rank5
267,2021-05-26 16:57:14,ToadallyAwesome,Witchcraft,ToadallyAwesome
268,2021-05-26 16:57:21,Witchcraft,ZexalWeapons,ZexalWeapons
269,2021-05-26 16:57:25,SkyStriker,Witchcraft,SkyStriker
270,2021-05-26 16:57:32,Beater,Witchcraft,Witchcraft
271,2021-05-26 16:57:37,MokeyMokey,Witchcraft,Witchcraft
272,2021-05-26 16:57:41,Witchcraft,Yosenju,Yosenju
273,2021-05-26 16:57:45,Mathmech,Witchcraft,Mathmech
274,2021-05-26 16:57:48,Dragunity,Witchcraft,Dragunity
275,2021-05-26 16:58:28,ChainBurn,Witchcraft,ChainBurn
276,2021-05-26 16:58:37,Nekroz,Witchcraft,Witchcraft
277,2021-05-26 16:58:44,Blackwing,Witchcraft,Blackwing
278,2021-05-26 16:58:49,LightswornShaddoldinosour,Witchcraft,LightswornShaddoldinosour
279,2021-05-26 16:58:55,Evilswarm,Witchcraft,Evilswarm
280,2021-05-26 16:59:02,Level8,Witchcraft,Level8
281,2021-05-26 16:59:12,Graydle,Witchcraft,Graydle
282,2021-05-26 16:59:40,Trickstar,Witchcraft,Trickstar
283,2021-05-26 16:59:42,Rainbow,Witchcraft,Rainbow
284,2021-05-26 16:59:48,Salamangreat,Witchcraft,Salamangreat
285,2021-05-26 16:59:52,Lightsworn,Witchcraft,Witchcraft
286,2021-05-26 17:00:00,Orcust,Witchcraft,Witchcraft
287,2021-05-26 17:00:05,Gravekeeper,Witchcraft,Gravekeeper
288,2021-05-26 17:00:08,BlueEyes,Witchcraft,BlueEyes
289,2021-05-26 17:00:17,ST1732,Witchcraft,ST1732
290,2021-05-26 17:00:20,CyberDragon,Witchcraft,CyberDragon
291,2021-05-26 17:00:24,BlueEyesMaxDragon,Witchcraft,BlueEyesMaxDragon
292,2021-05-26 17:00:26,OldSchool,Witchcraft,OldSchool
293,2021-05-26 17:00:35,Phantasm,Witchcraft,Witchcraft
294,2021-05-26 17:00:40,Horus,Witchcraft,Witchcraft
295,2021-05-26 17:00:47,Qliphort,Witchcraft,Qliphort
296,2021-05-26 17:00:52,GrenMajuThunderBoarder,Witchcraft,GrenMajuThunderBoarder
297,2021-05-26 17:00:55,Burn,Witchcraft,Burn
298,2021-05-26 17:00:58,MokeyMokeyKing,Witchcraft,MokeyMokeyKing
299,2021-05-26 17:01:03,PureWinds,Witchcraft,PureWinds
300,2021-05-26 17:01:11,Rank5,ToadallyAwesome,Rank5
301,2021-05-26 17:01:15,Rank5,ZexalWeapons,Rank5
302,2021-05-26 17:01:26,Rank5,SkyStriker,SkyStriker
303,2021-05-26 17:01:35,Beater,Rank5,Rank5
304,2021-05-26 17:01:40,MokeyMokey,Rank5,Rank5
305,2021-05-26 17:01:45,Rank5,Yosenju,Rank5
306,2021-05-26 17:01:51,Mathmech,Rank5,Mathmech
307,2021-05-26 17:01:59,Dragunity,Rank5,Rank5
308,2021-05-26 17:02:43,ChainBurn,Rank5,ChainBurn
309,2021-05-26 17:02:52,Nekroz,Rank5,Rank5
310,2021-05-26 17:03:31,Blackwing,Rank5,Rank5
311,2021-05-26 17:03:36,LightswornShaddoldinosour,Rank5,Rank5
312,2021-05-26 17:03:40,Evilswarm,Rank5,Evilswarm
313,2021-05-26 17:03:45,Level8,Rank5,Rank5
314,2021-05-26 17:03:56,Graydle,Rank5,Rank5
315,2021-05-26 17:04:00,Rank5,Trickstar,Trickstar
316,2021-05-26 17:04:11,Rainbow,Rank5,Rank5
317,2021-05-26 17:04:21,Rank5,Salamangreat,Salamangreat
318,2021-05-26 17:04:27,Lightsworn,Rank5,Rank5
319,2021-05-26 17:04:32,Orcust,Rank5,Orcust
320,2021-05-26 17:04:35,Gravekeeper,Rank5,Rank5
321,2021-05-26 17:04:49,BlueEyes,Rank5,Rank5
322,2021-05-26 17:04:53,Rank5,ST1732,Rank5
323,2021-05-26 17:05:00,CyberDragon,Rank5,Rank5
324,2021-05-26 17:05:10,BlueEyesMaxDragon,Rank5,Rank5
325,2021-05-26 17:05:18,OldSchool,Rank5,Rank5
326,2021-05-26 17:05:22,Phantasm,Rank5,Phantasm
327,2021-05-26 17:05:27,Horus,Rank5,Rank5
328,2021-05-26 17:05:41,Qliphort,Rank5,Qliphort
329,2021-05-26 17:05:47,GrenMajuThunderBoarder,Rank5,GrenMajuThunderBoarder
330,2021-05-26 17:05:53,Burn,Rank5,Rank5
331,2021-05-26 17:06:01,MokeyMokeyKing,Rank5,Rank5
332,2021-05-26 17:06:08,PureWinds,Rank5,PureWinds
333,2021-05-26 17:06:20,ToadallyAwesome,ZexalWeapons,ToadallyAwesome
334,2021-05-26 17:06:27,SkyStriker,ToadallyAwesome,ToadallyAwesome
335,2021-05-26 17:06:35,Beater,ToadallyAwesome,ToadallyAwesome
336,2021-05-26 17:06:39,MokeyMokey,ToadallyAwesome,ToadallyAwesome
337,2021-05-26 17:06:43,ToadallyAwesome,Yosenju,Yosenju
338,2021-05-26 17:06:50,Mathmech,ToadallyAwesome,ToadallyAwesome
339,2021-05-26 17:06:53,Dragunity,ToadallyAwesome,ToadallyAwesome
340,2021-05-26 17:07:16,ChainBurn,ToadallyAwesome,ChainBurn
341,2021-05-26 17:07:27,Nekroz,ToadallyAwesome,ToadallyAwesome
342,2021-05-26 17:07:34,Blackwing,ToadallyAwesome,ToadallyAwesome
343,2021-05-26 17:07:39,LightswornShaddoldinosour,ToadallyAwesome,LightswornShaddoldinosour
344,2021-05-26 17:07:44,Evilswarm,ToadallyAwesome,ToadallyAwesome
345,2021-05-26 17:07:50,Level8,ToadallyAwesome,ToadallyAwesome
346,2021-05-26 17:07:58,Graydle,ToadallyAwesome,ToadallyAwesome
347,2021-05-26 17:08:04,ToadallyAwesome,Trickstar,Trickstar
348,2021-05-26 17:08:08,Rainbow,ToadallyAwesome,Rainbow
349,2021-05-26 17:08:15,Salamangreat,ToadallyAwesome,ToadallyAwesome
350,2021-05-26 17:08:19,Lightsworn,ToadallyAwesome,ToadallyAwesome
351,2021-05-26 17:08:23,Orcust,ToadallyAwesome,Orcust
352,2021-05-26 17:08:32,Gravekeeper,ToadallyAwesome,ToadallyAwesome
353,2021-05-26 17:08:39,BlueEyes,ToadallyAwesome,BlueEyes
354,2021-05-26 17:08:49,ST1732,ToadallyAwesome,ToadallyAwesome
355,2021-05-26 17:08:55,CyberDragon,ToadallyAwesome,ToadallyAwesome
356,2021-05-26 17:09:03,BlueEyesMaxDragon,ToadallyAwesome,ToadallyAwesome
357,2021-05-26 17:09:07,OldSchool,ToadallyAwesome,ToadallyAwesome
358,2021-05-26 17:09:22,Phantasm,ToadallyAwesome,Phantasm
359,2021-05-26 17:09:26,Horus,ToadallyAwesome,ToadallyAwesome
360,2021-05-26 17:09:30,Qliphort,ToadallyAwesome,Qliphort
361,2021-05-26 17:09:42,GrenMajuThunderBoarder,ToadallyAwesome,ToadallyAwesome
362,2021-05-26 17:09:51,Burn,ToadallyAwesome,Burn
363,2021-05-26 17:09:56,MokeyMokeyKing,ToadallyAwesome,ToadallyAwesome
364,2021-05-26 17:10:07,PureWinds,ToadallyAwesome,PureWinds
365,2021-05-26 17:10:12,SkyStriker,ZexalWeapons,SkyStriker
366,2021-05-26 17:10:16,Beater,ZexalWeapons,ZexalWeapons
367,2021-05-26 17:10:22,MokeyMokey,ZexalWeapons,ZexalWeapons
368,2021-05-26 17:10:25,Yosenju,ZexalWeapons,Yosenju
369,2021-05-26 17:10:28,Mathmech,ZexalWeapons,ZexalWeapons
370,2021-05-26 17:10:31,Dragunity,ZexalWeapons,ZexalWeapons
371,2021-05-26 17:10:48,ChainBurn,ZexalWeapons,ChainBurn
372,2021-05-26 17:10:54,Nekroz,ZexalWeapons,ZexalWeapons
373,2021-05-26 17:10:59,Blackwing,ZexalWeapons,ZexalWeapons
374,2021-05-26 17:11:03,LightswornShaddoldinosour,ZexalWeapons,ZexalWeapons
375,2021-05-26 17:11:59,Evilswarm,ZexalWeapons,ZexalWeapons
376,2021-05-26 17:12:07,Level8,ZexalWeapons,Level8
377,2021-05-26 17:12:10,Graydle,ZexalWeapons,ZexalWeapons
378,2021-05-26 17:12:21,Trickstar,ZexalWeapons,ZexalWeapons
379,2021-05-26 17:12:28,Rainbow,ZexalWeapons,Rainbow
380,2021-05-26 17:12:37,Salamangreat,ZexalWeapons,Salamangreat
381,2021-05-26 17:12:41,Lightsworn,ZexalWeapons,ZexalWeapons
382,2021-05-26 17:12:46,Orcust,ZexalWeapons,Orcust
383,2021-05-26 17:12:52,Gravekeeper,ZexalWeapons,Gravekeeper
384,2021-05-26 17:13:10,BlueEyes,ZexalWeapons,BlueEyes
385,2021-05-26 17:13:15,ST1732,ZexalWeapons,ZexalWeapons
386,2021-05-26 17:13:21,CyberDragon,ZexalWeapons,ZexalWeapons
387,2021-05-26 17:13:25,BlueEyesMaxDragon,ZexalWeapons,ZexalWeapons
388,2021-05-26 17:13:30,OldSchool,ZexalWeapons,ZexalWeapons
389,2021-05-26 17:13:38,Phantasm,ZexalWeapons,Phantasm
390,2021-05-26 17:13:41,Horus,ZexalWeapons,Horus
391,2021-05-26 17:13:48,Qliphort,ZexalWeapons,ZexalWeapons
392,2021-05-26 17:14:04,GrenMajuThunderBoarder,ZexalWeapons,ZexalWeapons
393,2021-05-26 17:14:11,Burn,ZexalWeapons,ZexalWeapons
394,2021-05-26 17:14:13,MokeyMokeyKing,ZexalWeapons,ZexalWeapons
395,2021-05-26 17:14:25,PureWinds,ZexalWeapons,ZexalWeapons
396,2021-05-26 17:14:31,Beater,SkyStriker,SkyStriker
397,2021-05-26 17:14:39,MokeyMokey,SkyStriker,SkyStriker
398,2021-05-26 17:14:45,SkyStriker,Yosenju,Yosenju
399,2021-05-26 17:14:58,Mathmech,SkyStriker,Mathmech
400,2021-05-26 17:15:05,Dragunity,SkyStriker,SkyStriker
401,2021-05-26 17:15:40,ChainBurn,SkyStriker,ChainBurn
402,2021-05-26 17:15:46,Nekroz,SkyStriker,SkyStriker
403,2021-05-26 17:15:55,Blackwing,SkyStriker,SkyStriker
404,2021-05-26 17:16:08,LightswornShaddoldinosour,SkyStriker,LightswornShaddoldinosour
405,2021-05-26 17:16:20,Evilswarm,SkyStriker,SkyStriker
406,2021-05-26 17:16:36,Level8,SkyStriker,Level8
407,2021-05-26 17:16:56,Graydle,SkyStriker,Graydle
408,2021-05-26 17:17:05,SkyStriker,Trickstar,Trickstar
409,2021-05-26 17:42:06,Rainbow,SkyStriker,Rainbow
410,2021-05-26 17:42:18,Salamangreat,SkyStriker,Salamangreat
411,2021-05-26 17:42:25,Lightsworn,SkyStriker,SkyStriker
412,2021-05-26 17:42:41,Orcust,SkyStriker,Orcust
413,2021-05-26 17:42:49,Gravekeeper,SkyStriker,SkyStriker
414,2021-05-26 17:43:01,BlueEyes,SkyStriker,SkyStriker
415,2021-05-26 17:43:12,ST1732,SkyStriker,SkyStriker
416,2021-05-26 17:43:23,CyberDragon,SkyStriker,SkyStriker
417,2021-05-26 17:43:29,BlueEyesMaxDragon,SkyStriker,BlueEyesMaxDragon
418,2021-05-26 17:43:35,OldSchool,SkyStriker,SkyStriker
419,2021-05-26 17:43:49,Phantasm,SkyStriker,Phantasm
420,2021-05-26 17:43:59,Horus,SkyStriker,SkyStriker
421,2021-05-26 17:44:07,Qliphort,SkyStriker,Qliphort
422,2021-05-26 17:44:29,GrenMajuThunderBoarder,SkyStriker,GrenMajuThunderBoarder
423,2021-05-26 17:44:45,Burn,SkyStriker,Burn
424,2021-05-26 17:45:00,MokeyMokeyKing,SkyStriker,MokeyMokeyKing
425,2021-05-26 17:45:11,PureWinds,SkyStriker,PureWinds
426,2021-05-26 17:45:15,Beater,MokeyMokey,Beater
427,2021-05-26 17:45:19,Beater,Yosenju,Yosenju
428,2021-05-26 17:45:31,Beater,Mathmech,Mathmech
429,2021-05-26 17:45:43,Beater,Dragunity,Dragunity
430,2021-05-26 17:46:17,Beater,ChainBurn,ChainBurn
431,2021-05-26 17:46:34,Beater,Nekroz,Nekroz
432,2021-05-26 17:46:57,Beater,Blackwing,Blackwing
433,2021-05-26 17:47:01,Beater,LightswornShaddoldinosour,Beater
434,2021-05-26 17:47:07,Beater,Evilswarm,Evilswarm
435,2021-05-26 17:47:17,Beater,Level8,Level8
436,2021-05-26 17:47:25,Beater,Graydle,Graydle
437,2021-05-26 17:47:30,Beater,Trickstar,Trickstar
438,2021-05-26 17:47:34,Beater,Rainbow,Rainbow
439,2021-05-26 17:47:40,Beater,Salamangreat,Salamangreat
440,2021-05-26 17:47:43,Beater,Lightsworn,Beater
441,2021-05-26 17:47:49,Beater,Orcust,Orcust
442,2021-05-26 17:47:53,Beater,Gravekeeper,Gravekeeper
443,2021-05-26 17:48:02,Beater,BlueEyes,BlueEyes
444,2021-05-26 17:48:08,Beater,ST1732,ST1732
445,2021-05-26 17:48:14,Beater,CyberDragon,CyberDragon
446,2021-05-26 17:48:17,Beater,BlueEyesMaxDragon,BlueEyesMaxDragon
447,2021-05-26 17:48:21,Beater,OldSchool,OldSchool
448,2021-05-26 17:48:25,Beater,Phantasm,Phantasm
449,2021-05-26 17:48:34,Beater,Horus,Horus
450,2021-05-26 17:48:38,Beater,Qliphort,Qliphort
451,2021-05-26 17:48:59,Beater,GrenMajuThunderBoarder,Beater
452,2021-05-26 17:49:04,Beater,Burn,Burn
453,2021-05-26 17:49:18,Beater,MokeyMokeyKing,Beater
454,2021-05-26 17:49:24,Beater,PureWinds,PureWinds
455,2021-05-26 17:49:27,MokeyMokey,Yosenju,Yosenju
456,2021-05-26 17:49:52,Mathmech,MokeyMokey,Mathmech
457,2021-05-26 17:49:56,Dragunity,MokeyMokey,Dragunity
458,2021-05-26 17:50:20,ChainBurn,MokeyMokey,ChainBurn
459,2021-05-26 17:50:25,MokeyMokey,Nekroz,Nekroz
460,2021-05-26 17:50:27,Blackwing,MokeyMokey,Blackwing
461,2021-05-26 17:50:31,LightswornShaddoldinosour,MokeyMokey,LightswornShaddoldinosour
462,2021-05-26 17:50:36,Evilswarm,MokeyMokey,Evilswarm
463,2021-05-26 17:50:41,Level8,MokeyMokey,Level8
464,2021-05-26 17:50:51,Graydle,MokeyMokey,Graydle
465,2021-05-26 17:50:56,MokeyMokey,Trickstar,Trickstar
466,2021-05-26 17:50:59,MokeyMokey,Rainbow,Rainbow
467,2021-05-26 17:51:05,MokeyMokey,Salamangreat,Salamangreat
468,2021-05-26 17:51:09,Lightsworn,MokeyMokey,MokeyMokey
469,2021-05-26 17:51:16,MokeyMokey,Orcust,Orcust
470,2021-05-26 17:51:20,Gravekeeper,MokeyMokey,Gravekeeper
471,2021-05-26 17:51:23,BlueEyes,MokeyMokey,BlueEyes
472,2021-05-26 17:51:27,MokeyMokey,ST1732,ST1732
473,2021-05-26 17:51:30,CyberDragon,MokeyMokey,CyberDragon
474,2021-05-26 17:51:33,BlueEyesMaxDragon,MokeyMokey,BlueEyesMaxDragon
475,2021-05-26 17:51:37,MokeyMokey,OldSchool,OldSchool
476,2021-05-26 17:51:40,MokeyMokey,Phantasm,Phantasm
477,2021-05-26 17:51:44,Horus,MokeyMokey,Horus
478,2021-05-26 17:51:48,MokeyMokey,Qliphort,Qliphort
479,2021-05-26 17:51:55,GrenMajuThunderBoarder,MokeyMokey,GrenMajuThunderBoarder
480,2021-05-26 17:51:58,Burn,MokeyMokey,Burn
481,2021-05-26 17:52:03,MokeyMokey,MokeyMokeyKing,MokeyMokeyKing
482,2021-05-26 17:52:07,MokeyMokey,PureWinds,PureWinds
483,2021-05-26 17:52:10,Mathmech,Yosenju,Yosenju
484,2021-05-26 17:52:12,Dragunity,Yosenju,Yosenju
485,2021-05-26 17:52:15,ChainBurn,Yosenju,Yosenju
486,2021-05-26 17:52:17,Nekroz,Yosenju,Yosenju
487,2021-05-26 17:52:22,Blackwing,Yosenju,Yosenju
488,2021-05-26 17:52:25,LightswornShaddoldinosour,Yosenju,Yosenju
489,2021-05-26 17:52:28,Evilswarm,Yosenju,Yosenju
490,2021-05-26 17:52:31,Level8,Yosenju,Yosenju
491,2021-05-26 17:52:50,Graydle,Yosenju,Yosenju
492,2021-05-26 17:52:56,Trickstar,Yosenju,Yosenju
493,2021-05-26 17:52:59,Rainbow,Yosenju,Yosenju
494,2021-05-26 17:53:07,Salamangreat,Yosenju,Salamangreat
495,2021-05-26 17:53:10,Lightsworn,Yosenju,Yosenju
496,2021-05-26 17:53:15,Orcust,Yosenju,Orcust
497,2021-05-26 17:53:18,Gravekeeper,Yosenju,Yosenju
498,2021-05-26 17:53:27,BlueEyes,Yosenju,BlueEyes
499,2021-05-26 17:53:30,ST1732,Yosenju,Yosenju
500,2021-05-26 17:53:33,CyberDragon,Yosenju,Yosenju
501,2021-05-26 17:53:39,BlueEyesMaxDragon,Yosenju,Yosenju
502,2021-05-26 17:53:43,OldSchool,Yosenju,Yosenju
503,2021-05-26 17:53:46,Phantasm,Yosenju,Yosenju
504,2021-05-26 17:53:48,Horus,Yosenju,Yosenju
505,2021-05-26 17:53:52,Qliphort,Yosenju,Yosenju
506,2021-05-26 17:54:01,GrenMajuThunderBoarder,Yosenju,GrenMajuThunderBoarder
507,2021-05-26 17:54:04,Burn,Yosenju,Yosenju
508,2021-05-26 17:54:06,MokeyMokeyKing,Yosenju,Yosenju
509,2021-05-26 17:54:11,PureWinds,Yosenju,PureWinds
510,2021-05-26 17:54:17,Dragunity,Mathmech,Mathmech
511,2021-05-26 17:54:41,ChainBurn,Mathmech,ChainBurn
512,2021-05-26 17:54:45,Mathmech,Nekroz,Mathmech
513,2021-05-26 17:55:04,Blackwing,Mathmech,Blackwing
514,2021-05-26 17:55:07,LightswornShaddoldinosour,Mathmech,Mathmech
515,2021-05-26 17:55:11,Evilswarm,Mathmech,Mathmech
516,2021-05-26 17:55:16,Level8,Mathmech,Mathmech
517,2021-05-26 17:55:29,Graydle,Mathmech,Mathmech
518,2021-05-26 17:55:38,Mathmech,Trickstar,Mathmech
519,2021-05-26 17:55:44,Mathmech,Rainbow,Mathmech
520,2021-05-26 17:55:54,Mathmech,Salamangreat,Salamangreat
521,2021-05-26 17:55:58,Lightsworn,Mathmech,Mathmech
522,2021-05-26 17:56:03,Mathmech,Orcust,Orcust
523,2021-05-26 17:56:10,Gravekeeper,Mathmech,Gravekeeper
524,2021-05-26 17:56:15,BlueEyes,Mathmech,Mathmech
525,2021-05-26 17:56:18,Mathmech,ST1732,ST1732
526,2021-05-26 17:56:29,CyberDragon,Mathmech,Mathmech
527,2021-05-26 17:56:33,BlueEyesMaxDragon,Mathmech,BlueEyesMaxDragon
528,2021-05-26 17:56:38,Mathmech,OldSchool,Mathmech
529,2021-05-26 17:56:47,Mathmech,Phantasm,Phantasm
530,2021-05-26 17:56:52,Horus,Mathmech,Mathmech
531,2021-05-26 17:56:59,Mathmech,Qliphort,Mathmech
532,2021-05-26 17:57:08,GrenMajuThunderBoarder,Mathmech,GrenMajuThunderBoarder
533,2021-05-26 17:57:16,Burn,Mathmech,Mathmech
534,2021-05-26 17:57:21,Mathmech,MokeyMokeyKing,Mathmech
535,2021-05-26 17:57:30,Mathmech,PureWinds,PureWinds
536,2021-05-26 17:58:13,ChainBurn,Dragunity,ChainBurn
537,2021-05-26 17:58:18,Dragunity,Nekroz,Dragunity
538,2021-05-26 17:58:21,Blackwing,Dragunity,Blackwing
539,2021-05-26 17:58:24,Dragunity,LightswornShaddoldinosour,Dragunity
540,2021-05-26 17:58:29,Dragunity,Evilswarm,Evilswarm
541,2021-05-26 17:58:35,Dragunity,Level8,Level8
542,2021-05-26 17:58:44,Dragunity,Graydle,Graydle
543,2021-05-26 17:58:48,Dragunity,Trickstar,Trickstar
544,2021-05-26 17:58:52,Dragunity,Rainbow,Rainbow
545,2021-05-26 17:59:01,Dragunity,Salamangreat,Salamangreat
546,2021-05-26 17:59:04,Dragunity,Lightsworn,Dragunity
547,2021-05-26 17:59:08,Dragunity,Orcust,Orcust
548,2021-05-26 17:59:12,Dragunity,Gravekeeper,Gravekeeper
549,2021-05-26 17:59:16,BlueEyes,Dragunity,BlueEyes
550,2021-05-26 17:59:19,Dragunity,ST1732,ST1732
551,2021-05-26 17:59:25,CyberDragon,Dragunity,CyberDragon
552,2021-05-26 17:59:29,BlueEyesMaxDragon,Dragunity,BlueEyesMaxDragon
553,2021-05-26 17:59:32,Dragunity,OldSchool,OldSchool
554,2021-05-26 17:59:35,Dragunity,Phantasm,Phantasm
555,2021-05-26 17:59:38,Dragunity,Horus,Horus
556,2021-05-26 17:59:42,Dragunity,Qliphort,Qliphort
557,2021-05-26 17:59:57,Dragunity,GrenMajuThunderBoarder,GrenMajuThunderBoarder
558,2021-05-26 18:00:00,Burn,Dragunity,Burn
559,2021-05-26 18:00:03,Dragunity,MokeyMokeyKing,MokeyMokeyKing
560,2021-05-26 18:00:07,Dragunity,PureWinds,PureWinds
561,2021-05-26 18:00:44,ChainBurn,Nekroz,ChainBurn
562,2021-05-26 18:01:22,Blackwing,ChainBurn,ChainBurn
563,2021-05-26 18:01:26,ChainBurn,LightswornShaddoldinosour,ChainBurn
564,2021-05-26 18:01:31,ChainBurn,Evilswarm,Evilswarm
565,2021-05-26 18:01:55,ChainBurn,Level8,Level8
566,2021-05-26 18:02:07,ChainBurn,Graydle,Graydle
567,2021-05-26 18:02:17,ChainBurn,Trickstar,ChainBurn
568,2021-05-26 18:02:24,ChainBurn,Rainbow,Rainbow
569,2021-05-26 18:03:04,ChainBurn,Salamangreat,Salamangreat
570,2021-05-26 18:03:25,ChainBurn,Lightsworn,ChainBurn
571,2021-05-26 18:03:36,ChainBurn,Orcust,Orcust
572,2021-05-26 18:04:20,ChainBurn,Gravekeeper,ChainBurn
573,2021-05-26 18:04:23,BlueEyes,ChainBurn,BlueEyes
574,2021-05-26 18:05:01,ChainBurn,ST1732,ChainBurn
575,2021-05-26 18:05:17,ChainBurn,CyberDragon,ChainBurn
576,2021-05-26 18:05:20,BlueEyesMaxDragon,ChainBurn,BlueEyesMaxDragon
577,2021-05-26 18:05:45,ChainBurn,OldSchool,OldSchool
578,2021-05-26 18:06:03,ChainBurn,Phantasm,ChainBurn
579,2021-05-26 18:06:38,ChainBurn,Horus,ChainBurn
580,2021-05-26 18:07:03,ChainBurn,Qliphort,ChainBurn
581,2021-05-26 18:07:14,ChainBurn,GrenMajuThunderBoarder,GrenMajuThunderBoarder
582,2021-05-26 18:07:26,Burn,ChainBurn,ChainBurn
583,2021-05-26 18:07:53,ChainBurn,MokeyMokeyKing,ChainBurn
584,2021-05-26 18:08:25,ChainBurn,PureWinds,PureWinds
585,2021-05-26 18:08:29,Blackwing,Nekroz,Blackwing
586,2021-05-26 18:08:32,LightswornShaddoldinosour,Nekroz,Nekroz
587,2021-05-26 18:08:37,Evilswarm,Nekroz,Evilswarm
588,2021-05-26 18:08:43,Level8,Nekroz,Level8
589,2021-05-26 18:09:01,Graydle,Nekroz,Graydle
590,2021-05-26 18:09:05,Nekroz,Trickstar,Trickstar
591,2021-05-26 18:09:11,Nekroz,Rainbow,Rainbow
592,2021-05-26 18:09:20,Nekroz,Salamangreat,Salamangreat
593,2021-05-26 18:09:23,Lightsworn,Nekroz,Nekroz
594,2021-05-26 18:09:29,Nekroz,Orcust,Orcust
595,2021-05-26 18:09:33,Gravekeeper,Nekroz,Gravekeeper
596,2021-05-26 18:09:37,BlueEyes,Nekroz,BlueEyes
597,2021-05-26 18:09:42,Nekroz,ST1732,ST1732
598,2021-05-26 18:09:46,CyberDragon,Nekroz,CyberDragon
599,2021-05-26 18:09:49,BlueEyesMaxDragon,Nekroz,BlueEyesMaxDragon
600,2021-05-26 18:09:53,Nekroz,OldSchool,OldSchool
601,2021-05-26 18:09:57,Nekroz,Phantasm,Phantasm
602,2021-05-26 18:10:02,Horus,Nekroz,Horus
603,2021-05-26 18:10:05,Nekroz,Qliphort,Qliphort
604,2021-05-26 18:10:13,GrenMajuThunderBoarder,Nekroz,GrenMajuThunderBoarder
605,2021-05-26 18:10:17,Burn,Nekroz,Burn
606,2021-05-26 18:10:21,MokeyMokeyKing,Nekroz,MokeyMokeyKing
607,2021-05-26 18:10:25,Nekroz,PureWinds,PureWinds
608,2021-05-26 18:10:28,Blackwing,LightswornShaddoldinosour,Blackwing
609,2021-05-26 18:10:34,Blackwing,Evilswarm,Evilswarm
610,2021-05-26 18:10:37,Blackwing,Level8,Blackwing
611,2021-05-26 18:10:48,Blackwing,Graydle,Graydle
612,2021-05-26 18:10:53,Blackwing,Trickstar,Trickstar
613,2021-05-26 18:10:58,Blackwing,Rainbow,Rainbow
614,2021-05-26 18:11:06,Blackwing,Salamangreat,Salamangreat
615,2021-05-26 18:11:09,Blackwing,Lightsworn,Blackwing
616,2021-05-26 18:11:14,Blackwing,Orcust,Orcust
617,2021-05-26 18:11:19,Blackwing,Gravekeeper,Gravekeeper
618,2021-05-26 18:11:24,Blackwing,BlueEyes,BlueEyes
619,2021-05-26 18:11:29,Blackwing,ST1732,ST1732
620,2021-05-26 18:11:37,Blackwing,CyberDragon,Blackwing
621,2021-05-26 18:11:40,Blackwing,BlueEyesMaxDragon,BlueEyesMaxDragon
622,2021-05-26 18:11:56,Blackwing,OldSchool,OldSchool
623,2021-05-26 18:12:00,Blackwing,Phantasm,Phantasm
624,2021-05-26 18:12:04,Blackwing,Horus,Horus
625,2021-05-26 18:12:08,Blackwing,Qliphort,Qliphort
626,2021-05-26 18:12:28,Blackwing,GrenMajuThunderBoarder,Blackwing
627,2021-05-26 18:12:33,Blackwing,Burn,Blackwing
628,2021-05-26 18:12:36,Blackwing,MokeyMokeyKing,Blackwing
629,2021-05-26 18:12:42,Blackwing,PureWinds,PureWinds
630,2021-05-26 18:12:50,Evilswarm,LightswornShaddoldinosour,Evilswarm
631,2021-05-26 18:12:54,Level8,LightswornShaddoldinosour,Level8
632,2021-05-26 18:13:01,Graydle,LightswornShaddoldinosour,LightswornShaddoldinosour
633,2021-05-26 18:13:05,LightswornShaddoldinosour,Trickstar,Trickstar
634,2021-05-26 18:13:08,LightswornShaddoldinosour,Rainbow,Rainbow
635,2021-05-26 18:13:16,LightswornShaddoldinosour,Salamangreat,Salamangreat
636,2021-05-26 18:13:19,Lightsworn,LightswornShaddoldinosour,LightswornShaddoldinosour
637,2021-05-26 18:13:22,LightswornShaddoldinosour,Orcust,Orcust
638,2021-05-26 18:13:32,Gravekeeper,LightswornShaddoldinosour,LightswornShaddoldinosour
639,2021-05-26 18:13:38,BlueEyes,LightswornShaddoldinosour,BlueEyes
640,2021-05-26 18:13:44,LightswornShaddoldinosour,ST1732,LightswornShaddoldinosour
641,2021-05-26 18:13:47,CyberDragon,LightswornShaddoldinosour,CyberDragon
642,2021-05-26 18:13:54,BlueEyesMaxDragon,LightswornShaddoldinosour,LightswornShaddoldinosour
643,2021-05-26 18:13:59,LightswornShaddoldinosour,OldSchool,LightswornShaddoldinosour
644,2021-05-26 18:14:03,LightswornShaddoldinosour,Phantasm,Phantasm
645,2021-05-26 18:14:08,Horus,LightswornShaddoldinosour,LightswornShaddoldinosour
646,2021-05-26 18:14:12,LightswornShaddoldinosour,Qliphort,Qliphort
647,2021-05-26 18:14:22,GrenMajuThunderBoarder,LightswornShaddoldinosour,GrenMajuThunderBoarder
648,2021-05-26 18:14:25,Burn,LightswornShaddoldinosour,Burn
649,2021-05-26 18:14:30,LightswornShaddoldinosour,MokeyMokeyKing,LightswornShaddoldinosour
650,2021-05-26 18:14:39,LightswornShaddoldinosour,PureWinds,LightswornShaddoldinosour
651,2021-05-26 18:14:42,Evilswarm,Level8,Evilswarm
652,2021-05-26 18:14:57,Evilswarm,Graydle,Graydle
653,2021-05-26 18:15:06,Evilswarm,Trickstar,Trickstar
654,2021-05-26 18:15:21,Evilswarm,Rainbow,Rainbow
655,2021-05-26 18:15:29,Evilswarm,Salamangreat,Salamangreat
656,2021-05-26 18:15:32,Evilswarm,Lightsworn,Evilswarm
657,2021-05-26 18:15:36,Evilswarm,Orcust,Orcust
658,2021-05-26 18:15:41,Evilswarm,Gravekeeper,Gravekeeper
659,2021-05-26 18:15:48,BlueEyes,Evilswarm,Evilswarm
660,2021-05-26 18:16:04,Evilswarm,ST1732,ST1732
661,2021-05-26 18:16:11,CyberDragon,Evilswarm,Evilswarm
662,2021-05-26 18:16:13,BlueEyesMaxDragon,Evilswarm,BlueEyesMaxDragon
663,2021-05-26 18:16:19,Evilswarm,OldSchool,Evilswarm
664,2021-05-26 18:16:22,Evilswarm,Phantasm,Phantasm
665,2021-05-26 18:16:29,Evilswarm,Horus,Horus
666,2021-05-26 18:16:33,Evilswarm,Qliphort,Qliphort
667,2021-05-26 18:16:48,Evilswarm,GrenMajuThunderBoarder,GrenMajuThunderBoarder
668,2021-05-26 18:16:55,Burn,Evilswarm,Burn
669,2021-05-26 18:17:01,Evilswarm,MokeyMokeyKing,Evilswarm
670,2021-05-26 18:17:07,Evilswarm,PureWinds,PureWinds
671,2021-05-26 18:17:13,Graydle,Level8,Level8
672,2021-05-26 18:17:21,Level8,Trickstar,Trickstar
673,2021-05-26 18:17:26,Level8,Rainbow,Level8
674,2021-05-26 18:17:37,Level8,Salamangreat,Salamangreat
675,2021-05-26 18:17:42,Level8,Lightsworn,Level8
676,2021-05-26 18:17:52,Level8,Orcust,Level8
677,2021-05-26 18:17:57,Gravekeeper,Level8,Gravekeeper
678,2021-05-26 18:18:07,BlueEyes,Level8,BlueEyes
679,2021-05-26 18:18:10,Level8,ST1732,ST1732
680,2021-05-26 18:18:18,CyberDragon,Level8,Level8
681,2021-05-26 18:18:21,BlueEyesMaxDragon,Level8,BlueEyesMaxDragon
682,2021-05-26 18:18:28,Level8,OldSchool,Level8
683,2021-05-26 18:18:35,Level8,Phantasm,Phantasm
684,2021-05-26 18:18:43,Horus,Level8,Level8
685,2021-05-26 18:18:50,Level8,Qliphort,Level8
686,2021-05-26 18:19:07,GrenMajuThunderBoarder,Level8,GrenMajuThunderBoarder
687,2021-05-26 18:19:11,Burn,Level8,Level8
688,2021-05-26 18:19:17,Level8,MokeyMokeyKing,Level8
689,2021-05-26 18:19:21,Level8,PureWinds,PureWinds
690,2021-05-26 18:19:38,Graydle,Trickstar,Trickstar
691,2021-05-26 18:19:51,Graydle,Rainbow,Graydle
692,2021-05-26 18:19:59,Graydle,Salamangreat,Salamangreat
693,2021-05-26 18:20:05,Graydle,Lightsworn,Graydle
694,2021-05-26 18:20:15,Graydle,Orcust,Orcust
695,2021-05-26 18:20:21,Gravekeeper,Graydle,Gravekeeper
696,2021-05-26 18:20:35,BlueEyes,Graydle,BlueEyes
697,2021-05-26 18:20:43,Graydle,ST1732,ST1732
698,2021-05-26 18:20:54,CyberDragon,Graydle,Graydle
699,2021-05-26 18:20:57,BlueEyesMaxDragon,Graydle,BlueEyesMaxDragon
700,2021-05-26 18:21:13,Graydle,OldSchool,OldSchool
701,2021-05-26 18:21:16,Graydle,Phantasm,Phantasm
702,2021-05-26 18:21:22,Graydle,Horus,Horus
703,2021-05-26 18:21:28,Graydle,Qliphort,Qliphort
704,2021-05-26 18:21:36,Graydle,GrenMajuThunderBoarder,GrenMajuThunderBoarder
705,2021-05-26 18:21:48,Burn,Graydle,Burn
706,2021-05-26 18:21:58,Graydle,MokeyMokeyKing,Graydle
707,2021-05-26 18:22:04,Graydle,PureWinds,PureWinds
708,2021-05-26 18:22:11,Rainbow,Trickstar,Trickstar
709,2021-05-26 18:22:21,Salamangreat,Trickstar,Salamangreat
710,2021-05-26 18:22:25,Lightsworn,Trickstar,Trickstar
711,2021-05-26 18:22:33,Orcust,Trickstar,Orcust
712,2021-05-26 18:22:40,Gravekeeper,Trickstar,Trickstar
713,2021-05-26 18:22:47,BlueEyes,Trickstar,Trickstar
714,2021-05-26 18:22:51,ST1732,Trickstar,Trickstar
715,2021-05-26 18:22:59,CyberDragon,Trickstar,Trickstar
716,2021-05-26 18:23:06,BlueEyesMaxDragon,Trickstar,BlueEyesMaxDragon
717,2021-05-26 18:23:12,OldSchool,Trickstar,Trickstar
718,2021-05-26 18:23:21,Phantasm,Trickstar,Phantasm
719,2021-05-26 18:23:26,Horus,Trickstar,Trickstar
720,2021-05-26 18:23:37,Qliphort,Trickstar,Qliphort
721,2021-05-26 18:23:42,GrenMajuThunderBoarder,Trickstar,GrenMajuThunderBoarder
722,2021-05-26 18:23:47,Burn,Trickstar,Trickstar
723,2021-05-26 18:23:52,MokeyMokeyKing,Trickstar,Trickstar
724,2021-05-26 18:24:02,PureWinds,Trickstar,PureWinds
725,2021-05-26 18:24:09,Rainbow,Salamangreat,Salamangreat
726,2021-05-26 18:24:12,Lightsworn,Rainbow,Rainbow
727,2021-05-26 18:24:17,Orcust,Rainbow,Orcust
728,2021-05-26 18:24:21,Gravekeeper,Rainbow,Gravekeeper
729,2021-05-26 18:24:26,BlueEyes,Rainbow,BlueEyes
730,2021-05-26 18:24:30,Rainbow,ST1732,ST1732
731,2021-05-26 18:24:36,CyberDragon,Rainbow,CyberDragon
732,2021-05-26 18:24:39,BlueEyesMaxDragon,Rainbow,BlueEyesMaxDragon
733,2021-05-26 18:24:43,OldSchool,Rainbow,Rainbow
734,2021-05-26 18:24:50,Phantasm,Rainbow,Phantasm
735,2021-05-26 18:24:54,Horus,Rainbow,Rainbow
736,2021-05-26 18:24:58,Qliphort,Rainbow,Qliphort
737,2021-05-26 18:25:16,GrenMajuThunderBoarder,Rainbow,GrenMajuThunderBoarder
738,2021-05-26 18:25:22,Burn,Rainbow,Burn
739,2021-05-26 18:25:27,MokeyMokeyKing,Rainbow,Rainbow
740,2021-05-26 18:25:33,PureWinds,Rainbow,PureWinds
741,2021-05-26 18:25:37,Lightsworn,Salamangreat,Salamangreat
742,2021-05-26 18:25:47,Orcust,Salamangreat,Salamangreat
743,2021-05-26 18:25:55,Gravekeeper,Salamangreat,Gravekeeper
744,2021-05-26 18:26:02,BlueEyes,Salamangreat,Salamangreat
745,2021-05-26 18:26:10,ST1732,Salamangreat,Salamangreat
746,2021-05-26 18:26:16,CyberDragon,Salamangreat,Salamangreat
747,2021-05-26 18:26:25,BlueEyesMaxDragon,Salamangreat,Salamangreat
748,2021-05-26 18:26:32,OldSchool,Salamangreat,Salamangreat
749,2021-05-26 18:26:38,Phantasm,Salamangreat,Phantasm
750,2021-05-26 18:26:46,Horus,Salamangreat,Salamangreat
751,2021-05-26 18:26:55,Qliphort,Salamangreat,Qliphort
752,2021-05-26 18:27:07,GrenMajuThunderBoarder,Salamangreat,Salamangreat
753,2021-05-26 18:27:15,Burn,Salamangreat,Salamangreat
754,2021-05-26 18:27:23,MokeyMokeyKing,Salamangreat,Salamangreat
755,2021-05-26 18:27:33,PureWinds,Salamangreat,Salamangreat
756,2021-05-26 18:27:36,Lightsworn,Orcust,Orcust
757,2021-05-26 18:27:40,Gravekeeper,Lightsworn,Gravekeeper
758,2021-05-26 18:27:43,BlueEyes,Lightsworn,BlueEyes
759,2021-05-26 18:27:46,Lightsworn,ST1732,ST1732
760,2021-05-26 18:27:48,CyberDragon,Lightsworn,CyberDragon
761,2021-05-26 18:27:51,BlueEyesMaxDragon,Lightsworn,BlueEyesMaxDragon
762,2021-05-26 18:27:53,Lightsworn,OldSchool,OldSchool
763,2021-05-26 18:27:56,Lightsworn,Phantasm,Phantasm
764,2021-05-26 18:27:58,Horus,Lightsworn,Horus
765,2021-05-26 18:28:02,Lightsworn,Qliphort,Qliphort
766,2021-05-26 18:28:04,GrenMajuThunderBoarder,Lightsworn,GrenMajuThunderBoarder
767,2021-05-26 18:28:07,Burn,Lightsworn,Burn
768,2021-05-26 18:28:09,Lightsworn,MokeyMokeyKing,MokeyMokeyKing
769,2021-05-26 18:28:13,Lightsworn,PureWinds,PureWinds
770,2021-05-26 18:28:18,Gravekeeper,Orcust,Orcust
771,2021-05-26 18:28:23,BlueEyes,Orcust,BlueEyes
772,2021-05-26 18:28:34,Orcust,ST1732,ST1732
773,2021-05-26 18:28:40,CyberDragon,Orcust,Orcust
774,2021-05-26 18:28:47,BlueEyesMaxDragon,Orcust,Orcust
775,2021-05-26 18:28:53,OldSchool,Orcust,Orcust
776,2021-05-26 18:28:57,Orcust,Phantasm,Phantasm
777,2021-05-26 18:29:02,Horus,Orcust,Orcust
778,2021-05-26 18:29:12,Orcust,Qliphort,Qliphort
779,2021-05-26 18:29:21,GrenMajuThunderBoarder,Orcust,GrenMajuThunderBoarder
780,2021-05-26 18:29:31,Burn,Orcust,Burn
781,2021-05-26 18:29:36,MokeyMokeyKing,Orcust,Orcust
782,2021-05-26 18:29:45,Orcust,PureWinds,PureWinds
783,2021-05-26 18:29:54,BlueEyes,Gravekeeper,BlueEyes
784,2021-05-26 18:29:59,Gravekeeper,ST1732,Gravekeeper
785,2021-05-26 18:30:04,CyberDragon,Gravekeeper,Gravekeeper
786,2021-05-26 18:30:10,BlueEyesMaxDragon,Gravekeeper,BlueEyesMaxDragon
787,2021-05-26 18:30:14,Gravekeeper,OldSchool,Gravekeeper
788,2021-05-26 18:30:22,Gravekeeper,Phantasm,Phantasm
789,2021-05-26 18:30:26,Gravekeeper,Horus,Gravekeeper
790,2021-05-26 18:30:33,Gravekeeper,Qliphort,Gravekeeper
791,2021-05-26 18:30:43,Gravekeeper,GrenMajuThunderBoarder,GrenMajuThunderBoarder
792,2021-05-26 18:30:46,Burn,Gravekeeper,Gravekeeper
793,2021-05-26 18:30:50,Gravekeeper,MokeyMokeyKing,Gravekeeper
794,2021-05-26 18:30:56,Gravekeeper,PureWinds,PureWinds
795,2021-05-26 18:30:59,BlueEyes,ST1732,ST1732
796,2021-05-26 18:31:09,BlueEyes,CyberDragon,BlueEyes
797,2021-05-26 18:31:12,BlueEyes,BlueEyesMaxDragon,BlueEyesMaxDragon
798,2021-05-26 18:31:37,BlueEyes,OldSchool,OldSchool
799,2021-05-26 18:31:42,BlueEyes,Phantasm,Phantasm
800,2021-05-26 18:31:48,BlueEyes,Horus,BlueEyes
801,2021-05-26 18:31:54,BlueEyes,Qliphort,Qliphort
802,2021-05-26 18:31:59,BlueEyes,GrenMajuThunderBoarder,GrenMajuThunderBoarder
803,2021-05-26 18:32:09,BlueEyes,Burn,BlueEyes
804,2021-05-26 18:32:15,BlueEyes,MokeyMokeyKing,BlueEyes
805,2021-05-26 18:32:27,BlueEyes,PureWinds,PureWinds
806,2021-05-26 18:32:34,CyberDragon,ST1732,ST1732
807,2021-05-26 18:32:36,BlueEyesMaxDragon,ST1732,BlueEyesMaxDragon
808,2021-05-26 18:32:41,OldSchool,ST1732,ST1732
809,2021-05-26 18:32:52,Phantasm,ST1732,Phantasm
810,2021-05-26 18:32:58,Horus,ST1732,ST1732
811,2021-05-26 18:33:02,Qliphort,ST1732,Qliphort
812,2021-05-26 18:33:14,GrenMajuThunderBoarder,ST1732,GrenMajuThunderBoarder
813,2021-05-26 18:33:18,Burn,ST1732,ST1732
814,2021-05-26 18:33:23,MokeyMokeyKing,ST1732,ST1732
815,2021-05-26 18:33:28,PureWinds,ST1732,PureWinds
816,2021-05-26 18:33:32,BlueEyesMaxDragon,CyberDragon,BlueEyesMaxDragon
817,2021-05-26 18:33:51,CyberDragon,OldSchool,CyberDragon
818,2021-05-26 18:33:59,CyberDragon,Phantasm,Phantasm
819,2021-05-26 18:34:04,CyberDragon,Horus,CyberDragon
820,2021-05-26 18:34:10,CyberDragon,Qliphort,Qliphort
821,2021-05-26 18:34:29,CyberDragon,GrenMajuThunderBoarder,CyberDragon
822,2021-05-26 18:34:34,Burn,CyberDragon,CyberDragon
823,2021-05-26 18:34:38,CyberDragon,MokeyMokeyKing,CyberDragon
824,2021-05-26 18:34:43,CyberDragon,PureWinds,PureWinds
825,2021-05-26 18:34:46,BlueEyesMaxDragon,OldSchool,BlueEyesMaxDragon
826,2021-05-26 18:34:49,BlueEyesMaxDragon,Phantasm,BlueEyesMaxDragon
827,2021-05-26 18:34:53,BlueEyesMaxDragon,Horus,BlueEyesMaxDragon
828,2021-05-26 18:34:57,BlueEyesMaxDragon,Qliphort,BlueEyesMaxDragon
829,2021-05-26 18:35:02,BlueEyesMaxDragon,GrenMajuThunderBoarder,GrenMajuThunderBoarder
830,2021-05-26 18:35:04,BlueEyesMaxDragon,Burn,BlueEyesMaxDragon
831,2021-05-26 18:35:07,BlueEyesMaxDragon,MokeyMokeyKing,BlueEyesMaxDragon
832,2021-05-26 18:35:13,BlueEyesMaxDragon,PureWinds,PureWinds
833,2021-05-26 18:35:19,OldSchool,Phantasm,Phantasm
834,2021-05-26 18:35:23,Horus,OldSchool,OldSchool
835,2021-05-26 18:35:28,OldSchool,Qliphort,Qliphort
836,2021-05-26 18:35:44,GrenMajuThunderBoarder,OldSchool,OldSchool
837,2021-05-26 18:35:49,Burn,OldSchool,Burn
838,2021-05-26 18:35:53,MokeyMokeyKing,OldSchool,OldSchool
839,2021-05-26 18:35:58,OldSchool,PureWinds,PureWinds
840,2021-05-26 18:36:02,Horus,Phantasm,Phantasm
841,2021-05-26 18:36:11,Phantasm,Qliphort,Phantasm
842,2021-05-26 18:36:25,GrenMajuThunderBoarder,Phantasm,Phantasm
843,2021-05-26 18:36:28,Burn,Phantasm,Phantasm
844,2021-05-26 18:36:30,MokeyMokeyKing,Phantasm,Phantasm
845,2021-05-26 18:36:41,Phantasm,PureWinds,PureWinds
846,2021-05-26 18:36:46,Horus,Qliphort,Qliphort
847,2021-05-26 18:37:04,GrenMajuThunderBoarder,Horus,Horus
848,2021-05-26 18:37:10,Burn,Horus,Burn
849,2021-05-26 18:37:14,Horus,MokeyMokeyKing,Horus
850,2021-05-26 18:37:20,Horus,PureWinds,PureWinds
851,2021-05-26 18:37:35,GrenMajuThunderBoarder,Qliphort,Qliphort
852,2021-05-26 18:37:38,Burn,Qliphort,Qliphort
853,2021-05-26 18:37:43,MokeyMokeyKing,Qliphort,Qliphort
854,2021-05-26 18:37:57,PureWinds,Qliphort,PureWinds
855,2021-05-26 18:38:03,Burn,GrenMajuThunderBoarder,Burn
856,2021-05-26 18:38:19,GrenMajuThunderBoarder,MokeyMokeyKing,MokeyMokeyKing
857,2021-05-26 18:38:29,GrenMajuThunderBoarder,PureWinds,PureWinds
858,2021-05-26 18:38:34,Burn,MokeyMokeyKing,Burn
859,2021-05-26 18:38:42,Burn,PureWinds,PureWinds
860,2021-05-26 18:38:47,MokeyMokeyKing,PureWinds,PureWinds
